product;Bart Smit;Toys"R"Us;Intertoys;Het Deense Steentje;Pink or Blue;BRICKshop;A-Tembo;Mister Bricks;Brinic;'t Blokjeshuis;Amazon.fr;SpeelgoedNL;Click&brick;Zavvi;Amazon.it;PlanetHappy;Superspeelgoed;Lego Shop @ Home NL;Speelgoedshop;Amazon.es;Wehkamp;SinQel;Windeln.de;Blokjesstore;Conrad;Telekids Toys;Bol.com;Amazon.de;ffShoppen;Internet Toys;Speelgoedstunter;V&D;Amazon.co.uk;Blokker;fonQ.nl;Brick Hunters;Pixmania;De Grote Speelgoedwinkel;Fokkido
10699;€ 9,63;€ 9,98;€ 10,98;€ 11,70;€ 11,88;€ 11,90;€ 11,90;€ 11,90;€ 11,94;€ 12,70;€ 12,85;€ 12,90;€ 12,94;€ 12,95;€ 12,99;€ 13,88;€ 13,90;€ 13,94;€ 14,99;€ 15,09;;;;;;;;;;;;;;;;;;;
10700;€ 10,98;€ 11,98;€ 10,98;€ 11,70;€ 11,48;€ 11,90;€ 11,90;€ 11,90;€ 11,94;€ 12,70;;€ 12,90;€ 12,94;€ 12,95;;€ 13,88;€ 13,90;€ 13,94;;;€ 13,94;;;;;;;;;;;;;;;;;;
7280;;€ 11,98;€ 12,98;;€ 13,89;€ 12,90;€ 13,90;€ 12,90;€ 13,94;€ 14,45;€ 17,35;€ 13,45;;€ 15,85;;€ 14,88;€ 14,90;€ 15,94;€ 17,99;;;€ 11,98;€ 13,94;€ 15,79;€ 15,94;;;;;;;;;;;;;;
60055;;€ 12,98;;;€ 13,98;€ 13,90;;;;;;;€ 14,95;;;€ 14,88;€ 15,90;€ 15,94;;;;;€ 13,93;;;€ 13,98;;;;;;;;;;;;;
70779;€ 11,98;€ 11,98;;;€ 13,89;;;;;€ 14,90;€ 15,19;;€ 13,94;€ 14,39;;;€ 15,90;€ 15,94;;;;;;€ 14,99;€ 15,94;;;;;;;;;;;;;;
10677;;€ 11,98;€ 11,98;;€ 13,48;;€ 13,90;;;€ 14,95;;€ 14,90;€ 14,90;€ 15,85;€ 15,09;;€ 15,90;€ 15,94;€ 9,99;€ 14,10;;;€ 13,94;€ 14,99;;;€ 10,98;€ 12,74;€ 13,90;€ 15,40;;;;;;;;;
41092;;;;€ 13,45;;€ 14,90;€ 13,90;;;€ 14,70;;€ 14,45;€ 14,94;€ 15,85;€ 14,99;;€ 15,90;€ 15,94;;€ 16,10;;;;€ 14,99;€ 15,94;;€ 11,98;;;€ 16,90;€ 13,90;;;;;;;;
70409;€ 12,98;€ 11,98;€ 12,98;;;€ 14,90;€ 13,90;€ 13,90;;€ 14,70;;€ 14,90;;;€ 19,44;€ 14,88;€ 15,90;€ 15,94;€ 9,99;€ 16,09;;;€ 13,94;€ 14,99;€ 15,94;;;;;€ 20,25;;;;;;;;;
75076;;€ 11,98;;;€ 14,48;€ 14,90;€ 14,90;€ 13,90;;€ 14,95;;€ 14,90;€ 13,94;€ 14,39;€ 15,49;;;€ 15,94;€ 12,98;;;;;€ 14,99;;;;;;;;;;;;;;;
42031;€ 11,98;€ 11,98;;€ 13,45;€ 14,48;€ 14,90;€ 13,90;€ 13,40;;€ 14,95;€ 16,09;€ 14,45;€ 14,44;€ 12,95;;€ 14,88;€ 15,90;€ 15,94;;;€ 15,94;;;;€ 14,94;;€ 11,98;;;;;€ 12,44; € 17,49(£ 12,39);;;;;;
75074;;€ 11,98;;;€ 14,98;€ 14,90;€ 14,90;;;€ 14,95;€ 16,09;€ 14,90;€ 13,94;;€ 15,29;€ 14,88;;€ 15,94;€ 9,99;;€ 13,46;;€ 13,93;€ 14,99;€ 16,94;;€ 11,98;;;€ 15,40;;;;;;;;;
75075;;€ 11,98;;;€ 14,98;€ 14,90;€ 14,90;;;;;;;€ 14,39;€ 15,49;;;€ 15,94;€ 9,99;;;;€ 13,93;€ 14,99;;;;;;;;;;;;;;;
10701;;€ 16,98;;€ 16,45;€ 16,94;;€ 16,90;;;€ 17,70;€ 16,99;€ 17,90;€ 17,90;€ 20,15;€ 19,99;;€ 18,90;€ 20,94;€ 18,95;€ 21,09;€ 18,94;€ 16,48;;;;;;;;;;; € 24,55(£ 17,37);;;;;;
70792;;;€ 17,98;;€ 19,98;;;;;€ 18,45;;€ 18,90;€ 17,94;€ 18,75;€ 19,09;;€ 19,90;€ 20,94;€ 15,98;;€ 20,94;;;€ 19,99;€ 20,94;;€ 15,98;;;;;; € 20,23(£ 14,38);;;;;;
70793;€ 16,98;;€ 17,98;;€ 19,98;;;;;€ 18,45;€ 17,10;€ 18,90;€ 17,94;€ 18,75;€ 20,00;;;€ 20,94;€ 15,98;;€ 20,94;;;€ 19,99;€ 20,94;;€ 15,98;€ 16,70;;;;; € 20,28(£ 14,39);;;;;;
70794;€ 16,98;;€ 17,98;;€ 19,98;;;;;€ 18,45;€ 19,00;€ 18,90;;€ 18,75;€ 20,00;;€ 19,90;€ 20,94;€ 15,98;€ 24,60;€ 20,94;;;€ 19,99;€ 20,94;;€ 15,98;;;;;; € 20,33(£ 14,38);;;;;;
70788;€ 21,98;€ 20,98;;;€ 21,48;;;;;€ 22,45;€ 24,48;;€ 21,94;€ 21,59;;;€ 24,90;€ 25,94;€ 20,98;;€ 23,10;;;€ 24,99;€ 22,94;;€ 20,98;;;€ 24,05;;€ 20,94; € 21,68(£ 15,39);;;;;;
10693;;€ 21,98;€ 19,98;;;;€ 21,90;;;;€ 21,63;€ 22,90;€ 22,94;;€ 23,49;€ 24,88;€ 24,90;€ 25,94;€ 19,98;€ 26,09;;€ 20,98;;;€ 24,45;;;;;;;; € 29,17(£ 20,68);€ 20,98;;;;;
10694;;€ 21,98;€ 19,98;;€ 20,19;;€ 21,90;€ 21,90;;;€ 23,00;€ 22,90;€ 22,94;€ 24,49;€ 23,49;€ 24,88;€ 24,90;€ 25,94;€ 19,98;;€ 24,65;;;;€ 24,45;;;;;;;; € 31,62(£ 22,37);;;;;;
10680;;€ 21,98;€ 20,99;;€ 21,98;;€ 22,90;;;;;€ 22,90;;€ 23,05;€ 22,02;;;€ 25,94;€ 19,98;€ 24,10;;;€ 21,93;;;;;;;;;; € 25,33(£ 17,94);€ 20,32;;;;;
42034;€ 20,99;€ 21,98;€ 20,99;€ 20,95;;€ 22,91;€ 22,90;€ 22,90;;€ 22,95;€ 23,89;€ 22,90;€ 22,94;€ 24,49;€ 22,82;€ 25,88;€ 24,90;€ 25,94;;€ 24,10;;€ 20,98;€ 23,94;€ 24,99;€ 25,94;€ 24,98;€ 19,94;;;€ 23,50;;€ 20,94; € 31,62(£ 22,35);€ 20,98;;;;;
41085;;€ 21,98;;;;;;;;€ 23,45;;€ 23,90;€ 22,94;;;;;;;;;;;€ 22,99;;;;;;;;€ 20,94;;€ 20,98;;;;;
10683;€ 21,98;€ 21,98;€ 21,98;;€ 22,98;;€ 21,90;;;€ 22,95;;€ 22,90;€ 22,90;€ 23,05;€ 24,00;;;€ 25,94;€ 19,98;€ 24,10;€ 25,94;;;€ 24,99;€ 25,94;;;€ 20,70;;;;; € 28,83(£ 20,37);€ 20,99;;;;;
60084;€ 19,98;€ 21,98;€ 17,99;€ 20,45;;€ 20,91;€ 21,90;€ 21,90;;€ 22,45;€ 24,00;€ 22,90;€ 21,94;€ 24,49;;€ 24,88;;€ 25,94;;€ 24,10;;;€ 23,94;€ 22,99;€ 25,94;;;;;;€ 21,90;€ 20,94; € 24,67(£ 17,53);€ 20,98;;;;;
31033;€ 21,98;€ 21,98;;€ 20,45;;€ 24,90;€ 20,90;€ 21,90;;;;€ 22,90;€ 22,94;€ 25,95;€ 23,29;€ 24,88;€ 24,90;€ 25,94;€ 20,98;;;€ 20,98;;€ 22,99;€ 22,94;;;;;€ 24,85;;€ 20,94; € 31,68(£ 22,37);€ 22,98;;;;;
31034;;€ 21,98;€ 21,98;;€ 22,98;;€ 21,90;;;;€ 24,47;€ 22,90;€ 22,94;€ 25,95;;€ 24,88;€ 24,90;€ 25,94;€ 20,98;€ 24,10;;;€ 23,93;€ 22,99;€ 24,94;;;;;;;;;;;;;;
60081;;€ 20,98;€ 21,98;;;;€ 21,90;€ 21,90;;€ 22,45;;€ 22,90;€ 21,94;€ 24,49;€ 23,29;€ 24,88;€ 24,90;€ 25,94;;€ 24,26;€ 25,94;;€ 23,94;€ 24,99;;€ 23,98;€ 20,98;;;;€ 21,90;€ 20,94;;;;;;;
31037;€ 20,99;€ 21,98;€ 20,99;;€ 23,98;;€ 21,90;€ 21,90;;€ 23,45;;€ 22,90;;€ 25,95;€ 24,00;;€ 23,90;€ 25,94;€ 17,08;€ 23,09;€ 25,94;€ 20,98;;€ 22,99;€ 24,94;;;€ 23,74;;€ 23,85;;; € 30,95(£ 21,85);;;;;;
41026;;;;;€ 20,49;€ 24,90;€ 22,90;;;€ 23,95;€ 20,52;€ 22,90;;€ 23,05;;;€ 24,90;€ 25,94;;€ 26,05;;;€ 21,93;€ 22,99;;;€ 20,98;;;€ 23,75;€ 23,90;; € 30,23(£ 21,38);;€ 21,50;;;;
10668;;€ 21,98;;;€ 20,19;;€ 21,90;;€ 23,94;;€ 24,09;€ 22,45;€ 25,95;;;;€ 24,90;€ 25,94;;;;;;;;;€ 21,98;;;€ 24,40;;;;;€ 22,50;;;;
70733;;€ 21,98;;;;;;;;;;;;;;;;€ 25,94;;;;;;;;;;;;;;;;;;;;;
42026;;€ 21,98;€ 20,99;;;€ 24,90;€ 22,90;;;€ 22,95;;€ 23,45;;€ 25,95;€ 23,49;€ 25,88;€ 24,90;€ 25,94;€ 21,98;€ 26,05;€ 25,94;;;€ 22,99;€ 24,94;;;;;;;; € 31,51(£ 22,39);;;€ 34,95;€ 42,35;;
60043;;€ 21,98;;;€ 20,19;€ 24,90;;;;;€ 26,09;€ 22,90;€ 23,94;;;€ 24,88;;€ 25,94;;;;;€ 21,93;;;;;;;;€ 21,90;;;;;;;;
60086;€ 21,24;€ 26,98;€ 24,99;;;€ 29,90;€ 25,90;;;€ 26,45;;€ 25,90;€ 25,94;€ 27,35;€ 28,49;€ 29,88;€ 26,90;€ 30,94;€ 23,99;€ 29,10;;;;€ 22,99;€ 27,94;€ 28,98;€ 23,99;€ 26,74;;€ 28,85;;€ 25,19; € 28,74(£ 20,39);;€ 24,99;;;€ 28,94;
10684;;€ 26,98;€ 27,99;;€ 22,99;;€ 27,90;;;€ 29,45;€ 30,00;€ 28,90;€ 28,40;€ 27,35;€ 27,79;;€ 28,90;€ 32,94;€ 23,99;€ 29,04;€ 28,44;€ 27,28;€ 22,48;;;€ 31,98;€ 23,99;;;€ 29,65;;; € 34,44(£ 24,37);;€ 26,99;;;€ 29,94;
31035;;€ 26,98;€ 27,99;€ 25,95;€ 22,99;€ 31,90;€ 26,90;€ 27,90;;;€ 28,09;€ 28,90;€ 27,94;€ 28,79;€ 27,49;€ 29,88;€ 28,90;€ 32,94;€ 24,99;€ 34,75;€ 30,94;€ 27,28;€ 24,99;€ 26,99;;;€ 24,99;;€ 33,89;€ 28,90;;€ 26,89; € 31,50(£ 22,40);;€ 26,99;;€ 40,28;€ 29,94;
41102;€ 21,24;€ 21,98;€ 24,99;;€ 26,95;€ 29,90;€ 25,90;;;€ 27,95;€ 22,09;€ 25,90;€ 25,90;;;;€ 26,90;;;;€ 30,94;;;;€ 26,94;;€ 21,98;;;€ 28,85;;;;€ 22,99;;;;€ 28,94;
75080;;€ 31,98;€ 31,99;€ 28,95;€ 24,90;€ 34,90;€ 30,90;€ 29,90;;€ 31,20;€ 28,69;€ 32,90;;€ 35,99;€ 32,39;;€ 29,90;€ 35,94;€ 24,99;€ 34,10;€ 35,94;€ 29,98;€ 27,88;€ 29,99;;;€ 24,99;€ 28,74;;€ 32,20;;; € 41,40(£ 29,37);;€ 26,95;;;€ 34,94;€ 29,98
75090;;;€ 31,99;€ 27,95;€ 24,90;€ 34,90;€ 30,90;€ 29,90;;€ 31,20;€ 30,98;€ 30,90;;€ 28,79;€ 29,79;€ 31,89;€ 31,90;€ 35,94;€ 24,99;€ 33,05;€ 30,94;;€ 26,99;€ 29,99;;;€ 24,99;;;;;€ 29,44;;;€ 29,99;;;€ 34,94;€ 29,98
10695;;€ 26,98;€ 27,99;;€ 23,99;;;;;€ 30,45;;€ 28,90;€ 27,45;;;;€ 27,90;€ 32,94;€ 32,98;;€ 30,94;;;;;;;;;;;;;;€ 26,99;;;€ 29,94;
10685;;€ 26,98;;;;;€ 27,90;;;;;€ 28,90;;;€ 27,79;;;€ 32,94;;€ 32,61;;;;€ 26,99;;;;;;;;;;;€ 26,99;;;€ 30,94;
60007;;€ 27,98;€ 29,99;;;€ 28,94;€ 30,90;€ 28,90;;€ 30,45;€ 27,69;€ 31,90;;;€ 33,22;€ 33,88;€ 28,90;€ 35,94;€ 25,99;€ 29,23;;;€ 29,99;;;€ 33,98;€ 25,99;€ 31,17;;€ 33,60;;; € 34,44(£ 24,37);;;;€ 52,03;€ 31,94;
75081;;€ 29,98;€ 31,99;;€ 25,99;€ 34,90;€ 30,90;€ 29,90;;;€ 31,00;€ 32,90;€ 30,94;€ 35,99;€ 32,39;;€ 29,90;€ 35,94;€ 26,99;€ 34,10;€ 27,68;;€ 29,98;€ 29,99;€ 29,99;;€ 26,95;;;€ 32,20;;; € 38,07(£ 26,90);;€ 26,95;;;€ 34,94;
41100;;€ 26,98;€ 29,99;€ 26,95;€ 24,99;;€ 28,90;€ 28,90;;€ 29,95;€ 28,09;€ 29,90;€ 28,94;€ 28,79;€ 27,62;;;€ 32,94;€ 24,29;€ 32,09;€ 25,94;€ 27,28;;€ 24,99;€ 29,94;;€ 25,99;;;;;;;;€ 29,99;;;€ 30,94;€ 27,28
60044;;€ 26,97;;€ 28,45;€ 27,90;€ 34,90;€ 30,90;;;€ 30,70;;€ 30,90;€ 32,95;;;€ 34,88;€ 31,90;€ 26,94;€ 27,99;;€ 25,94;€ 29,98;;€ 24,99;€ 27,99;;€ 27,95;;;;;; € 46,00(£ 32,51);€ 27,95;€ 29,99;;;€ 32,94;
60074;;€ 29,98;€ 34,99;€ 29,95;€ 26,99;€ 37,90;€ 32,90;€ 31,90;;;€ 28,10;€ 32,90;€ 32,94;€ 34,55;;€ 34,89;€ 33,90;€ 38,94;€ 27,99;€ 35,10;€ 33,94;;;€ 29,99;;€ 38,98;€ 28,99;;;€ 41,90;;; € 34,35(£ 24,39);€ 32,99;€ 29,50;;;€ 36,94;
60060;;;€ 29,99;;€ 25,99;€ 34,90;€ 29,90;;;€ 31,45;;€ 30,90;;;€ 31,59;€ 34,88;€ 31,90;€ 35,94;€ 27,99;€ 33,16;€ 30,94;;;€ 29,99;;;€ 27,99;€ 31,74;;;;;;;;;;€ 32,94;
41035;;€ 30,98;€ 32,99;;;€ 34,90;€ 33,90;;;€ 32,45;€ 34,09;€ 33,90;;;€ 34,09;;€ 33,90;€ 38,94;€ 29,99;€ 36,09;;€ 32,68;€ 32,98;€ 29,99;;;€ 29,99;€ 32,74;€ 35,20;€ 34,70;;; € 41,44(£ 29,25);;€ 30,95;;€ 52,27;€ 34,94;
21022;;€ 31,98;€ 29,99;;€ 25,90;€ 34,90;€ 32,90;€ 31,90;€ 36,94;€ 32,95;€ 33,09;€ 31,90;€ 30,90;€ 34,55;€ 30,79;€ 34,88;€ 29,90;€ 38,94;€ 29,99;€ 36,05;€ 35,94;;;;;;€ 29,99;€ 28,70;;;;; € 41,45(£ 29,39);;;;;;
31010;;;€ 34,99;;;€ 41,90;€ 32,90;;;€ 33,45;€ 29,00;€ 32,90;€ 35,94;;€ 36,09;€ 34,89;€ 32,90;€ 38,94;;€ 34,09;€ 35,94;;;€ 32,99;;;€ 29,99;€ 28,74;;;;; € 41,62(£ 29,37);;;;€ 52,03;€ 36,94;
60085;€ 34,99;€ 31,98;€ 34,99;;;€ 39,90;;€ 31,90;;;€ 33,79;€ 32,90;€ 32,94;€ 35,99;€ 29,09;€ 34,89;€ 33,90;€ 38,94;€ 29,99;€ 36,05;€ 38,94;€ 32,68;;€ 32,99;;;€ 29,99;;;;;€ 31,99; € 34,39(£ 24,39);;;;;€ 37,94;
21013;;€ 31,98;;;;€ 39,90;€ 30,90;;€ 33,94;€ 35,90;€ 42,09;€ 30,90;€ 30,90;;€ 36,09;;;€ 35,94;€ 29,99;€ 33,11;;;;€ 29,99;;;€ 29,99;;;;;; € 41,46(£ 29,24);;;;;;€ 29,98
75097;;;;;€ 32,99;;€ 33,90;;;;;€ 35,90;€ 34,90;;;;;;;;;;;;;;;;;;;;;;;;;;
70795;;;€ 34,99;;;;;;;€ 32,95;;€ 32,90;;€ 35,99;€ 33,09;;;€ 38,94;€ 32,99;;€ 38,94;;;€ 32,99;;;€ 34,99;€ 28,74;;€ 33,85;;; € 34,19(£ 24,39);;;;;;
70412;;;€ 39,99;€ 36,95;€ 33,99;€ 38,91;€ 38,90;€ 38,90;;€ 39,95;;€ 40,90;;;€ 51,08;€ 34,89;€ 38,90;€ 45,94;€ 34,99;;€ 45,94;€ 38,98;;€ 39,99;;;;;;€ 56,45;;; € 48,61(£ 34,39);;€ 35,95;;;€ 41,94;
42036;€ 39,99;€ 34,98;€ 41,99;€ 34,95;€ 33,95;€ 42,71;€ 38,90;€ 37,90;;€ 38,95;€ 38,00;€ 39,90;€ 36,94;;€ 34,00;€ 39,89;€ 39,90;€ 45,94;€ 34,99;€ 39,10;;€ 38,98;;€ 39,99;;;€ 34,99;€ 29,98;;€ 41,80;;€ 37,94; € 41,28(£ 29,39);;€ 39,99;;;€ 42,94;€ 38,98
21019;;€ 39,98;;;;€ 39,90;€ 32,90;;;;€ 41,09;€ 34,90;;€ 43,19;€ 38,79;€ 34,89;;€ 40,94;€ 34,99;€ 38,10;;;;€ 34,99;;€ 38,98;€ 37,99;;;;;; € 47,83(£ 33,83);;;;;;
41037;;€ 37,98;;;€ 38,49;€ 49,90;€ 42,90;€ 42,90;;€ 40,45;€ 39,00;€ 45,90;;;€ 41,09;€ 44,89;€ 41,90;€ 50,94;€ 34,19;€ 46,10;€ 45,94;€ 43,48;;€ 44,99;;€ 53,98;€ 44,99;;;€ 43,85;;; € 55,74(£ 39,37);;;;€ 78,65;€ 49,94;
60075;;€ 41,98;;;€ 37,89;€ 49,94;€ 42,90;€ 41,90;;€ 41,95;;€ 42,90;€ 43,94;€ 48,95;;€ 46,89;€ 43,90;€ 50,94;€ 38,99;€ 44,10;€ 42,95;€ 43,48;;€ 44,99;;;€ 38,99;€ 29,99;;€ 53,90;;; € 45,70(£ 32,39);;€ 39,99;;;€ 47,94;
31036;;€ 36,98;€ 39,99;;;€ 44,90;€ 36,90;€ 36,90;;;€ 35,00;€ 37,90;€ 35,90;€ 47,55;€ 36,09;€ 34,89;€ 36,90;€ 45,94;€ 37,99;€ 42,10;€ 40,94;;;€ 34,99;;;€ 37,99;;;€ 39,85;;€ 37,94; € 43,51(£ 31,39);;€ 39,99;;€ 49,98;€ 42,94;€ 38,98
75049;;;;;;;€ 42,90;;;;€ 43,50;€ 44,90;€ 42,94;€ 47,55;;;;€ 50,94;;€ 48,06;;;;;;;;;;€ 51,90;;;;;;;€ 65,34;€ 45,94;€ 43,48
70808;;;€ 29,98;;€ 45,90;;€ 52,90;;;;;€ 53,90;€ 55,45;;;;€ 53,90;;€ 39,99;;€ 48,45;;€ 49,99;€ 54,99;;;€ 55,99;€ 39,89;;€ 54,90;;; € 55,65(£ 39,37);;€ 52,95;;;€ 54,94;
21120;;€ 41,98;;;€ 39,99;;;;;€ 47,45;€ 41,65;€ 45,90;€ 43,90;€ 53,99;€ 44,09;;;€ 50,94;;€ 49,09;;;;;;;;;;;;;;;;;;;
41094;;€ 41,98;;€ 38,95;€ 38,99;€ 44,90;€ 41,90;€ 41,90;;€ 40,45;€ 41,09;€ 41,90;€ 40,94;€ 56,15;€ 36,00;;€ 41,90;€ 50,94;;€ 46,10;;;;€ 47,99;€ 34,99;;€ 41,99;;;€ 45,85;;€ 42,19; € 51,45(£ 36,40);;€ 44,99;;;€ 46,94;
31025;;;;€ 34,95;€ 36,99;€ 44,90;€ 41,90;€ 43,90;;€ 40,95;€ 36,09;€ 43,90;€ 46,45;;€ 40,99;€ 44,89;€ 42,90;€ 50,94;€ 42,99;€ 43,10;;€ 43,48;€ 39,99;€ 44,99;;€ 48,98;€ 42,99;€ 33,98;€ 47,99;€ 43,00;;;;;;;;€ 47,94;
42037;;€ 49,99;€ 54,99;€ 48,45;;€ 51,66;€ 51,90;;;€ 49,45;;€ 53,90;€ 50,94;;€ 50,09;;€ 52,90;€ 60,94;€ 44,99;;€ 50,94;€ 52,48;;€ 54,99;€ 44,99;;€ 48,99;;;€ 54,85;;€ 50,69; € 56,89(£ 40,37);;€ 48,99;;;€ 57,94;€ 52,48
60050;€ 44,99;€ 44,99;;€ 46,95;;€ 51,66;€ 50,90;€ 52,90;;€ 47,95;€ 44,71;€ 51,90;;€ 63,35;€ 49,09;€ 57,89;€ 52,90;€ 60,94;€ 45,99;€ 61,09;€ 55,94;€ 52,48;;€ 54,99;€ 44,99;€ 58,98;;;;€ 77,45;;; € 63,07(£ 44,61);;€ 49,95;;;€ 54,94;
75082;€ 54,99;€ 41,93;;€ 49,95;€ 46,95;€ 61,90;€ 52,90;€ 51,90;;€ 50,95;€ 47,00;€ 54,90;€ 53,94;;€ 52,79;;€ 52,90;€ 60,94;€ 47,99;€ 54,27;€ 54,94;;;€ 54,99;;;€ 47,99;€ 39,99;;€ 55,85;;€ 50,69; € 62,86(£ 44,37);;€ 54,99;;;€ 57,94;
60068;;€ 49,99;€ 54,99;;€ 47,95;;€ 50,90;€ 49,90;;€ 49,45;;€ 50,90;€ 50,90;€ 56,15;€ 50,89;€ 56,89;€ 52,90;€ 60,94;€ 48,99;€ 53,10;€ 55,94;;;;€ 44,99;;€ 48,99;€ 37,99;;€ 63,90;;€ 50,69; € 51,25(£ 36,39);;€ 48,99;;;€ 57,94;
60093;€ 48,99;€ 49,99;€ 54,99;;€ 48,90;€ 48,91;€ 49,90;€ 52,90;;€ 49,95;;€ 51,90;;€ 57,59;;;€ 49,90;€ 60,94;€ 49,99;€ 52,10;;;;€ 49,99;;€ 58,98;€ 49,99;€ 37,99;;€ 51,85;;; € 51,44(£ 36,39);;€ 54,99;;;€ 54,94;€ 52,48
75004;;;;;;€ 54,90;;;;€ 44,95;;;;;;;;;;;;;;€ 49,99;;;;;;;;;;;;;;;
31038;€ 52,99;€ 49,99;€ 52,99;€ 46,95;€ 48,99;€ 54,90;€ 50,90;€ 49,90;;€ 50,90;;€ 52,90;€ 50,90;€ 57,59;€ 51,00;;€ 49,90;€ 60,94;€ 49,99;€ 53,79;€ 60,94;;;€ 49,99;;€ 58,98;€ 49,99;€ 38,99;€ 56,95;;;;;;€ 54,99;;;€ 54,94;
31039;;€ 54,99;€ 59,99;€ 51,95;€ 49,95;€ 64,90;€ 55,90;;;€ 55,70;;€ 58,90;;€ 71,99;€ 56,09;;€ 54,90;€ 59,99;€ 51,99;€ 60,86;€ 65,94;€ 53,99;;€ 59,99;€ 52,99;;€ 54,99;€ 44,99;€ 53,95;;;; € 65,42(£ 46,39);;;;;;€ 53,99
60079;€ 54,99;€ 49,99;€ 54,99;€ 46,95;€ 48,99;€ 46,16;€ 50,90;€ 49,90;;€ 49,95;;€ 50,90;€ 50,94;€ 57,59;€ 51,00;;€ 51,90;€ 60,94;€ 51,99;€ 52,10;€ 60,94;€ 52,48;;;€ 49,99;;€ 46,74;€ 39,98;;;;; € 51,45(£ 36,39);;€ 54,99;;;€ 56,94;
70737;;€ 59,99;;;;;€ 57,90;;;€ 54,95;;;€ 58,94;€ 57,59;€ 58,09;;€ 57,90;€ 59,99;;€ 61,09;;;;;;;€ 54,99;;;;;; € 53,66(£ 37,97);;;;;;
41106;€ 54,99;€ 59,99;€ 49,99;€ 49,95;€ 54,95;€ 56,91;€ 51,90;€ 57,90;;€ 59,95;€ 56,00;€ 60,90;€ 60,94;€ 71,99;€ 62,89;;€ 56,90;€ 64,99;€ 53,99;€ 66,10;€ 70,94;€ 58,49;;€ 54,99;€ 57,99;;€ 49,95;€ 47,99;;;;€ 58,94; € 62,75(£ 44,39);€ 49,95;€ 64,99;;;€ 64,94;€ 58,49
75043;;€ 59,49;€ 74,99;;€ 64,99;€ 79,90;€ 67,90;€ 66,90;;;;€ 71,90;€ 70,94;;€ 81,10;;€ 67,90;€ 74,99;€ 59,99;;;;€ 56,88;€ 74,99;;;€ 59,99;;;;;;;;€ 74,95;;;€ 74,94;
41095;€ 59,99;€ 59,99;€ 59,99;;€ 59,99;;€ 68,90;€ 67,90;;€ 61,45;€ 67,21;€ 70,90;€ 67,94;€ 84,95;€ 56,00;;€ 64,90;€ 74,99;€ 62,99;€ 73,10;€ 64,99;€ 67,49;€ 69,99;;€ 62,99;€ 78,98;€ 59,95;€ 48,39;;€ 71,35;;€ 67,69; € 68,93(£ 48,88);€ 59,95;€ 74,99;;;€ 76,94;€ 67,49
75051;€ 79,99;€ 59,98;;;€ 59,90;€ 84,90;€ 70,90;;;€ 65,45;;€ 73,90;€ 70,94;;€ 92,09;;€ 69,90;€ 79,99;€ 59,99;€ 76,28;€ 62,29;;€ 70,08;;€ 69,99;;€ 59,99;€ 70,82;;€ 73,85;;; € 72,00(£ 51,37);;€ 63,99;;€ 95,59;€ 79,94;
75083;;€ 54,99;;€ 55,95;€ 53,95;€ 69,90;€ 60,90;€ 59,90;;;€ 53,12;€ 63,90;;;€ 65,09;;€ 61,90;€ 64,99;€ 55,99;€ 68,10;€ 54,00;;€ 59,98;€ 64,99;€ 59,99;;€ 55,99;€ 47,99;;€ 63,65;;€ 59,19;;;€ 58,00;;;;
75092;;€ 64,99;;€ 59,95;€ 61,95;€ 74,90;€ 65,90;€ 64,90;;€ 64,45;;€ 68,90;€ 65,90;€ 79,19;€ 71,09;;€ 64,90;€ 69,99;€ 64,99;€ 66,10;€ 75,94;;€ 64,98;€ 69,99;;;€ 64,99;€ 49,99;;€ 67,85;;; € 68,51(£ 48,39);;€ 69,99;;;;€ 62,99
76038;;€ 69,99;€ 79,99;;€ 66,95;€ 84,90;€ 70,90;€ 74,90;;;€ 64,51;€ 75,90;€ 70,90;€ 84,95;;;;€ 79,99;€ 83,99;€ 72,10;€ 73,45;;€ 69,99;€ 79,99;;;;;;€ 114,90;;€ 71,94;;;;;;€ 79,94;
75084;;€ 59,49;;€ 65,45;€ 68,90;€ 89,90;€ 70,90;€ 69,90;;€ 66,90;€ 57,17;€ 73,90;€ 70,94;;€ 76,39;€ 74,89;;€ 74,99;€ 69,99;€ 77,74;€ 70,94;;€ 66,98;€ 59,99;€ 69,99;;€ 69,99;€ 49,99;;€ 74,40;;; € 77,99(£ 55,37);;€ 71,95;;;€ 74,94;€ 67,99
41039;;;;;€ 68,90;€ 84,90;;;;€ 67,95;;€ 75,90;;;;€ 79,89;;€ 79,99;€ 69,99;€ 80,06;;;;€ 79,99;;;€ 69,99;;;€ 75,40;;;;;;;;;
42024;;€ 69,99;;;€ 69,90;€ 76,91;€ 74,90;€ 73,90;;;€ 62,39;€ 75,90;€ 69,90;€ 86,39;€ 69,09;€ 79,89;;€ 79,99;€ 62,99;€ 75,71;;€ 71,99;;€ 79,99;;;€ 69,99;€ 49,98;;;;; € 69,58(£ 49,40);€ 74,95;;;€ 96,80;€ 77,94;
60047;;€ 89,99;€ 74,99;€ 75,95;€ 89,99;€ 79,91;€ 80,90;€ 77,90;;€ 74,45;;€ 85,90;€ 95,94;;€ 75,10;€ 89,89;€ 76,90;€ 99,99;€ 74,99;€ 86,09;€ 105,94;€ 89,99;;€ 79,99;€ 79,99;;€ 74,99;€ 79,98;;;;€ 84,99; € 83,22(£ 59,38);€ 74,99;€ 95,00;;;€ 91,94;€ 89,99
41058;€ 89,24;;;€ 84,95;€ 84,90;€ 104,90;€ 95,90;€ 99,90;;€ 83,45;;€ 100,90;€ 95,94;;€ 91,09;;€ 92,90;€ 109,99;€ 88,99;€ 103,06;€ 90,94;;€ 99,98;€ 94,99;;;€ 88,99;€ 79,99;;€ 105,90;;; € 90,97(£ 64,40);;€ 109,95;;€ 128,75;€ 96,94;
60080;;€ 83,98;€ 94,99;€ 78,95;;€ 90,41;€ 85,90;€ 84,90;;€ 79,95;;€ 89,90;;€ 100,79;€ 95,09;;€ 84,90;€ 94,99;;€ 84,10;€ 79,95;;;€ 89,99;;;€ 84,99;;;;;;;;€ 94,99;;;€ 86,94;
70413;€ 99,99;€ 99,99;€ 99,99;€ 92,95;€ 92,99;€ 104,90;€ 98,90;€ 99,90;;€ 99,45;€ 116,00;€ 95,90;;;;€ 99,89;€ 96,90;€ 109,99;€ 99,99;;€ 98,99;€ 98,99;€ 100,00;€ 109,99;€ 89,99;;;€ 94,99;;€ 160,45;;; € 112,31(£ 79,39);;;;;€ 101,94;
75094;€ 109,99;€ 99,99;€ 109,99;€ 85,95;;€ 109,95;€ 100,90;€ 99,90;;€ 96,95;;€ 95,90;€ 100,90;€ 115,19;€ 102,59;;€ 96,90;€ 109,99;€ 99,99;€ 110,09;€ 115,94;;€ 99,98;€ 109,99;;;€ 99,99;€ 74,98;;€ 102,65;;; € 101,08(£ 71,55);;€ 109,00;;;;
60095;;€ 99,99;;€ 85,95;€ 98,99;€ 103,91;€ 100,90;€ 99,90;;€ 92,95;€ 78,01;€ 102,90;;;€ 99,86;;€ 92,90;€ 109,99;€ 99,99;€ 103,10;€ 115,94;€ 98,99;€ 79,98;;€ 99,99;€ 113,98;€ 99,99;€ 79,99;;€ 103,65;;; € 75,32(£ 53,39);;€ 109,00;;;€ 101,94;
60051;;€ 119,99;€ 119,99;€ 84,95;€ 99,99;€ 104,94;€ 92,90;€ 89,90;;€ 94,45;;€ 100,90;€ 105,90;;€ 103,92;€ 119,89;;€ 119,99;€ 99,99;€ 123,04;€ 105,94;€ 107,99;;€ 89,99;€ 109,00;;€ 89,95;€ 89,99;;€ 108,20;;€ 101,99; € 105,16(£ 74,37);€ 89,95;€ 109,95;€ 119,99;;€ 111,94;
42042;€ 119,99;€ 113,99;€ 119,99;;€ 112,99;€ 102,41;€ 119,90;€ 114,95;;€ 106,90;;€ 114,95;€ 114,95;€ 158,39;€ 131,09;;€ 118,90;€ 129,99;€ 119,00;€ 132,30;€ 104,95;€ 116,99;;€ 99,99;;€ 133,98;€ 101,99;;;;;;;;€ 129,99;;;€ 121,94;
60097;;€ 169,99;;€ 130,95;;€ 144,46;€ 153,90;€ 149,95;;;;€ 164,95;;;€ 166,09;;€ 148,90;€ 169,99;€ 130,50;€ 175,06;€ 165,94;€ 152,99;;€ 149,99;;;€ 154,99;€ 139,98;€ 152,95;;;; € 144,79(£ 102,38);;€ 169,99;;;€ 156,94;
60052;€ 179,99;€ 149,98;;€ 144,95;€ 148,90;€ 147,96;€ 155,90;€ 149,95;;;€ 166,09;€ 159,95;€ 149,95;;€ 154,08;€ 179,89;€ 157,95;€ 179,99;€ 149,00;€ 185,06;€ 155,94;;;;€ 149,00;;€ 149,00;€ 149,99;;€ 158,05;;; € 137,74(£ 97,37);;€ 159,95;;€ 218,35;€ 161,94;
42009;;;;€ 163,45;;€ 199,95;€ 180,90;€ 199,95;;;;€ 194,95;€ 179,99;;€ 186,09;;€ 169,95;€ 199,99;;€ 188,10;€ 174,94;;;;;;€ 179,00;€ 169,99;;€ 191,70;;; € 161,55(£ 114,40);;;;€ 248,62;€ 181,94;
42030;;€ 194,98;€ 229,99;;€ 195,99;€ 199,96;€ 205,90;;;;€ 181,51;€ 214,95;€ 199,95;€ 244,79;€ 186,09;€ 229,89;€ 204,95;€ 249,99;€ 209,00;€ 208,84;€ 200,95;;;;€ 195,00;€ 253,98;€ 209,00;€ 174,99;;€ 229,40;;;;;€ 239,95;;€ 269,56;€ 216,94;
31313;;€ 339,99;;;€ 348,99;;€ 365,90;;;;;;€ 339,99;€ 431,99;;;€ 369,95;€ 399,99;€ 399,00;;€ 365,94;;;;€ 349,00;;€ 399,00;;€ 424,95;€ 408,00;;; € 303,03(£ 214,40);;;;;;
71010;€ 4,98;€ 4,98;€ 4,99;;;;€ 8,70;€ 7,90;;;;€ 8,90;;€ 3,59;;;;€ 8,94;;;;;;;;;;;;;;;;;;;;;
60041;;;;€ 10,20;€ 10,48;€ 10,90;€ 10,90;;€ 9,94;€ 11,70;;€ 10,90;€ 10,95;;€ 11,60;€ 10,88;;€ 11,94;;€ 12,05;;;€ 9,94;€ 10,99;€ 12,94;;;;;€ 11,70;;; € 13,21(£ 9,37);;;;;;
60006;;;;;;€ 10,90;;;;;;;;;;;;;;;;;;;;;;;;;;;;;;;;;
31017;;€ 12,98;€ 11,98;;€ 12,98;€ 14,90;€ 13,90;;;€ 14,95;€ 14,48;€ 13,90;;€ 14,39;;;€ 15,90;€ 15,94;;;;;;€ 14,99;;;€ 11,98;;;;;;;;;;;;
31018;;;€ 11,98;;€ 12,98;€ 14,90;€ 13,90;;€ 13,94;€ 14,95;€ 14,86;€ 13,90;€ 13,90;€ 14,39;;€ 14,88;€ 15,90;€ 15,94;;€ 17,05;;;€ 13,03;€ 14,99;;;€ 11,98;;;€ 14,70;;;;;;;;;
60077;;€ 11,98;€ 11,98;€ 13,45;€ 13,98;;€ 13,90;€ 13,90;;€ 14,45;€ 15,00;€ 13,90;€ 13,94;;€ 15,09;;€ 15,90;€ 15,94;;;€ 15,94;;;€ 14,99;;;;€ 12,74;;;;; € 16,10(£ 11,40);;;;;;
60091;;€ 11,98;€ 11,98;€ 13,20;€ 13,98;€ 13,91;€ 13,90;€ 13,90;€ 13,94;€ 14,45;;€ 13,90;;€ 12,95;;;€ 14,90;€ 15,94;;€ 16,05;€ 15,94;;;€ 14,99;€ 16,94;;€ 11,98;€ 12,74;;;;; € 16,38(£ 11,59);;;;;;
70782;;€ 11,98;;;;;;;;€ 14,90;€ 16,09;€ 14,45;€ 13,94;€ 14,39;€ 14,69;;;€ 15,94;;;;;;€ 14,99;€ 15,94;;€ 13,97;;;;;;;;;;;;
60053;;€ 11,98;;;€ 13,98;€ 13,90;;;€ 13,94;€ 14,95;;€ 13,90;€ 14,95;;€ 14,89;€ 14,88;€ 15,90;€ 15,94;;€ 15,10;;;€ 14,03;€ 14,99;€ 15,94;€ 13,98;€ 11,98;;€ 14,94;;€ 13,90;;;;;;;;
60088;;€ 13,98;€ 11,98;€ 13,45;€ 13,89;€ 14,90;€ 13,90;;€ 13,94;€ 14,70;€ 14,39;€ 14,45;€ 13,94;€ 12,95;€ 14,89;€ 14,88;€ 15,90;€ 15,94;€ 11,99;€ 15,89;€ 13,45;€ 11,98;€ 13,94;€ 14,99;€ 15,94;€ 13,98;€ 12,98;€ 13,74;;;€ 13,90;;;;;;;;
10679;;;€ 11,98;;€ 13,48;;€ 13,90;;;€ 14,95;€ 15,36;€ 14,90;;;;;€ 15,90;€ 15,94;;€ 16,09;;;;€ 14,99;;;;€ 13,04;;;;; € 20,08(£ 14,19);;;;;;
75072;;€ 11,98;;;€ 14,48;€ 14,90;€ 14,90;;;;;€ 14,90;€ 13,94;€ 15,85;;€ 15,88;;€ 15,94;;;;;€ 13,93;€ 14,99;;;€ 11,98;;;;;;;;;;;;
10553;;;;;€ 20,09;€ 19,90;;;;€ 17,70;;;€ 18,90;;;;;;;;;;;;;;;;;;;;;;;;;;
75088;;€ 18,98;€ 17,98;;€ 19,98;€ 19,90;€ 17,90;€ 17,90;;€ 17,95;;€ 17,90;;;€ 15,09;;;€ 20,94;€ 16,98;;;;€ 20,93;€ 19,99;;;€ 17,98;€ 16,74;;€ 18,40;;€ 16,69;;;;;;;
10591;€ 17,98;€ 16,98;;;€ 19,98;;€ 17,90;;;;€ 17,10;€ 18,90;€ 18,45;€ 18,75;€ 20,00;;;€ 20,94;;€ 19,10;€ 20,94;€ 16,48;;;€ 21,94;;€ 16,98;;;;;; € 22,75(£ 16,10);;;;;;
41091;;€ 16,98;;;€ 17,98;€ 19,90;€ 17,90;;€ 18,94;€ 18,45;;€ 18,90;€ 18,94;;€ 16,09;;€ 19,90;€ 20,94;€ 17,99;€ 20,10;;;€ 18,94;€ 19,99;;;€ 16,98;;;€ 19,35;;€ 16,69;;;;;€ 28,19;;
4437;;;;;;€ 19,90;;;;€ 19,45;;;;;;;;;;;;;;;;;;;;;;;;;;;;;
7499;;€ 19,98;€ 21,98;€ 19,45;€ 21,98;€ 20,21;€ 20,90;€ 21,90;€ 19,94;€ 21,20;€ 23,46;€ 20,90;€ 22,45;;€ 21,08;€ 23,88;€ 22,90;€ 23,94;€ 18,98;€ 24,09;€ 25,94;;;€ 22,99;€ 21,94;;€ 18,98;;;;€ 21,44;;;;€ 21,95;;;;
60057;;;;;;;€ 21,90;;;;;€ 21,90;€ 24,95;;;€ 24,88;;;;;;;€ 23,93;;;;;;;;;;;;;;;;
10506;€ 20,99;€ 21,98;€ 20,99;;;€ 22,91;€ 22,90;€ 21,90;;€ 24,90;€ 29,09;€ 22,90;€ 22,90;;€ 23,09;€ 25,88;;€ 25,94;€ 24,99;€ 27,09;;€ 20,98;;;€ 22,94;;€ 21,98;;;;;;;€ 20,98;€ 22,95;;;;€ 20,98
10671;;;;;€ 23,48;;€ 22,90;;;;€ 23,00;€ 23,45;;;€ 23,49;;€ 24,90;€ 25,94;;;;;;;;;;€ 22,74;;;;; € 25,44(£ 17,99);;;;;€ 25,94;
10597;;€ 26,98;;;;;;€ 27,90;;;€ 31,31;€ 28,90;€ 28,94;;€ 24,00;;;€ 32,94;€ 25,99;€ 29,10;€ 32,94;€ 27,28;;€ 24,99;€ 31,94;;€ 25,99;;;;;; € 34,47(£ 24,39);;;;;;
10500;;;;;;;;;;€ 29,95;;;;;;€ 34,88;;;;;;;€ 39,90;;;;;;;;;;;;;;;;
10592;;€ 26,98;€ 27,99;;€ 23,99;;€ 27,90;€ 27,90;;€ 28,95;€ 31,00;€ 28,90;€ 27,90;;€ 23,09;;;;€ 26,99;€ 31,10;€ 30,94;;;€ 24,99;€ 31,94;€ 30,98;€ 25,99;;;;;€ 26,89;;;€ 26,99;;;;
75038;;;;€ 29,45;€ 24,95;€ 37,90;€ 30,90;;;€ 33,45;€ 34,00;;;;;;;;;;;;;;;;;€ 28,74;;;;;;;;;;€ 31,94;
60092;€ 34,99;€ 31,98;€ 32,99;;;;€ 31,90;;;€ 31,90;;€ 32,90;€ 29,94;;€ 34,09;;€ 31,90;€ 38,94;;€ 35,09;;;€ 29,99;€ 32,99;€ 29,99;€ 38,98;€ 29,99;€ 23,73;;;;€ 31,99; € 34,31(£ 24,39);;€ 29,99;;;€ 37,94;€ 32,68
41093;€ 34,99;€ 34,98;€ 31,99;;;€ 32,96;€ 33,90;€ 32,90;;;;€ 34,90;€ 34,94;;€ 36,09;;;€ 38,94;€ 31,99;€ 39,10;€ 35,94;;€ 32,99;€ 32,99;;;€ 31,99;;;€ 34,85;;;;;€ 32,99;;€ 52,27;€ 37,94;
41104;€ 34,99;€ 31,98;€ 34,99;€ 30,95;;€ 39,90;€ 32,90;€ 32,90;;€ 33,95;€ 38,00;€ 33,90;€ 33,94;;€ 34,00;;€ 32,90;;€ 29,69;€ 37,10;;€ 32,68;;€ 29,99;€ 27,99;;€ 30,99;€ 29,73;;;;; € 38,04(£ 26,89);;;;;€ 37,94;
42022;;€ 31,98;€ 34,99;;€ 26,90;;€ 32,90;;;€ 32,95;€ 35,09;€ 33,90;€ 32,90;;€ 32,49;€ 32,89;€ 33,90;€ 38,94;€ 32,99;€ 33,11;;€ 32,68;;€ 34,99;€ 25,99;;€ 32,99;€ 30,74;;;;; € 45,84(£ 32,37);;;;€ 58,08;€ 37,94;€ 32,68
8293;;€ 37,98;€ 41,99;€ 35,95;;€ 38,91;€ 38,90;€ 38,90;;€ 37,95;€ 36,00;€ 38,90;€ 40,94;€ 40,35;€ 43,09;;€ 37,90;€ 45,94;€ 38,99;€ 42,05;€ 45,94;;;€ 37,99;€ 37,99;€ 45,98;;€ 29,99;;;€ 42,90;; € 41,44(£ 29,39);;;;;€ 43,94;
41105;€ 49,99;€ 44,99;€ 49,99;€ 43,95;;€ 54,90;€ 47,90;€ 47,90;;€ 46,90;€ 42,01;€ 49,90;€ 49,94;€ 50,39;€ 42,02;;€ 47,90;;;;€ 55,94;€ 47,98;;€ 49,99;;€ 53,98;€ 46,99;€ 42,99;€ 44,90;€ 49,85;;; € 48,67(£ 34,39);;€ 49,99;;;€ 51,94;
10507;€ 54,99;€ 42,99;;;€ 44,95;€ 59,90;€ 51,90;€ 49,90;;€ 46,90;€ 66,00;€ 52,90;€ 51,90;;€ 41,00;;;€ 60,94;€ 54,99;€ 61,09;€ 55,94;;€ 42,98;€ 49,99;;;€ 49,95;;;€ 54,45;;€ 50,69;;;€ 49,95;;;€ 54,94;
21024;;€ 59,99;€ 64,99;;;€ 64,90;€ 55,90;;;€ 61,45;;€ 58,90;;;;;€ 62,90;€ 64,99;€ 64,99;;€ 70,94;;;€ 64,99;;;;;;;;;;;;;;;
75056;;;;;;;€ 55,90;;;;;;;;;;;;;;;;;;;;;;;;;;;;;;;;
4209;;;;;;;;;;;;;;;;;;;;;;;;;;;€ 79,99;;;;;;;;;;;;
21108;;;;;;;;;;;;;;;;;;€ 55,94;;;;;;;;;;;;;;;;;;;;;
10593;€ 54,99;€ 56,99;€ 54,99;;€ 56,99;;€ 60,90;€ 57,90;;;€ 49,13;€ 64,90;€ 60,90;€ 64,79;€ 51,00;;;;€ 54,99;€ 64,10;€ 50,94;€ 58,49;;€ 54,99;€ 59,99;€ 68,98;€ 49,95;€ 42,49;;;;; € 66,86(£ 47,05);€ 49,95;€ 64,99;;;€ 64,94;€ 58,49
60009;;;;€ 60,95;;€ 84,90;;;;;;€ 63,90;;;;;;;;;;;;;;;;;;;;;;;;;;;
75018;;;;;;;€ 72,90;;;;;;;;;;;;;;;;;;;;€ 71,99;;;;;;;;;;;;
21302;;;;;;;;;;;;€ 70,90;;;;;;€ 64,99;;;;;;;;;;;;;;;;;;;;;
10245;;€ 69,99;;;;€ 74,94;€ 75,90;;;€ 76,45;;€ 75,90;€ 75,90;;;;€ 69,90;€ 74,99;;;;;;;;;;;;;;;;;;€ 134,95;;;
75052;;;;;€ 77,95;;€ 82,90;€ 81,90;;;€ 86,09;€ 85,90;€ 82,94;;;;€ 79,90;€ 89,99;;€ 91,10;€ 80,95;;€ 79,98;;;;€ 78,50;;;€ 87,90;;;;;€ 78,50;;€ 106,05;;€ 80,99
10249;;;;;;;;;;;;;;;;;;€ 79,99;;;;;;;;;;;;;;;;;;;;;
10220;;;;€ 98,45;;;;;;;;€ 99,95;;;;;;€ 99,99;;;;;;;;;;;;;;;;;;;;;
75054;€ 129,99;;;;€ 109,99;€ 129,95;€ 115,90;€ 129,95;;;;€ 119,95;€ 109,99;;;;;€ 129,99;;€ 126,00;;;€ 114,00;€ 129,99;€ 119,00;;;€ 109,99;;€ 135,90;;;;;;;;;
10508;;€ 109,99;€ 99,99;;€ 104,95;€ 101,96;€ 105,90;;;;€ 104,20;€ 104,95;€ 105,90;;€ 106,09;€ 104,89;;€ 119,99;€ 99,99;;€ 105,94;€ 107,99;;€ 99,99;€ 99,99;€ 123,98;€ 99,99;;€ 120,25;€ 116,95;;;;;€ 109,95;;€ 154,36;€ 111,94;€ 107,99
10232;;;;;;;;;;;;€ 169,95;;;;;€ 137,90;€ 139,99;;;;;;;;;€ 199,00;;;;;;;;;;;;
10218;;;;;;€ 349,95;;€ 279,95;;;;;;;;;;€ 149,99;;;;;;;;;;;;;;;;;;€ 299,95;;;
10243;;;;;;;;;;;;;;;;;;€ 159,99;;;;;;;;;;;;;;;;;;;;;
71009;;;€ 5,48;€ 165,95;;€ 7,90;€ 8,70;;;;;€ 8,90;;;€ 10,59;;;€ 8,94;;€ 9,09;;;;;;;;;;;;;;;;;;;
71006;;;;€ 204,95;;;€ 205,90;;;€ 199,45;;€ 204,95;;;;;;€ 219,99;;;;;;;;;€ 199,99;;;;;;;;;;;;
71016;;;;€ 195,95;;;€ 205,90;;;;;€ 214,95;;€ 244,79;;;€ 199,95;€ 219,99;;;;;;€ 219,99;;;€ 199,99;;;;;;;;;;;;
10667;;€ 19,98;;;€ 21,98;;€ 21,90;;;€ 23,95;€ 24,09;€ 22,90;;;;;€ 24,90;€ 25,94;€ 34,99;€ 24,09;;;;€ 24,99;;;;€ 21,74;€ 23,90;;;; € 27,16(£ 19,37);;;;;;
10675;;;€ 32,99;;€ 27,99;;;;;€ 33,45;€ 30,00;;;€ 31,69;€ 33,99;;;€ 38,94;;€ 36,09;;;€ 29,99;;€ 27,99;;;€ 28,74;€ 34,70;;;;;;;;;;
10692;€ 17,98;€ 17,98;;;€ 17,98;;€ 17,90;€ 17,90;;€ 19,70;;€ 18,90;;;€ 19,09;€ 19,88;€ 20,90;€ 20,94;€ 16,99;;;;;;;;€ 15,98;;;€ 19,90;;; € 22,93(£ 16,25);;;;;;
7281;;€ 10,98;€ 12,98;€ 13,45;€ 13,89;€ 12,90;€ 13,90;€ 12,90;€ 13,94;€ 14,45;;€ 13,45;€ 13,94;;€ 14,39;;;€ 15,94;€ 11,98;€ 18,05;;;€ 13,94;€ 14,89;€ 15,94;;€ 11,98;;;;;;;;;;€ 17,89;;
7895;;€ 20,98;€ 20,99;;€ 21,98;€ 19,90;€ 21,90;€ 21,90;€ 20,94;€ 22,90;€ 22,00;€ 21,90;€ 23,95;;€ 21,08;€ 24,88;€ 22,90;€ 25,94;€ 20,98;;€ 21,99;;€ 23,94;€ 24,79;€ 23,94;;€ 20,98;;;€ 22,15;;; € 27,33(£ 19,39);;;;;;
60004;;€ 69,98;;€ 63,45;;€ 74,90;;;;€ 70,45;;€ 75,90;€ 75,94;;€ 76,09;€ 79,89;€ 70,90;€ 79,99;;€ 66,05;€ 70,94;;;;;;€ 69,99;;;€ 81,75;;;;;;;€ 103,15;€ 77,94;
60082;;€ 21,98;€ 21,98;€ 20,45;€ 20,19;€ 24,90;€ 21,90;€ 21,90;€ 22,94;€ 22,45;;€ 22,90;€ 20,45;;€ 23,29;€ 24,88;€ 24,90;€ 25,94;€ 19,98;€ 24,10;;€ 20,98;€ 23,94;€ 24,99;;;€ 19,94;€ 21,70;;€ 23,55;€ 21,90;; € 28,69(£ 20,36);;;;;;€ 20,98
60078;;€ 21,98;€ 21,98;;;;€ 21,90;;;€ 21,95;;€ 23,45;;;€ 22,02;;;€ 25,94;;;;;;;€ 25,94;;;;;;;;;;;;;;
60090;€ 7,98;€ 7,98;€ 8,98;€ 10,20;€ 10,48;€ 10,90;€ 10,90;;;€ 11,70;;€ 10,90;;;€ 12,09;;€ 11,90;€ 11,94;;€ 10,87;;€ 8,38;;€ 10,99;€ 12,94;;;€ 9,74;;€ 12,40;;; € 11,85(£ 8,39);;;;;;
76030;;;€ 27,99;;;€ 31,90;€ 26,90;;;€ 28,95;;€ 27,90;€ 28,94;;;;€ 26,90;€ 32,94;;€ 33,09;;;;€ 26,99;;;;;;€ 42,25;;;;;;;;;
76031;;€ 39,98;€ 41,99;;€ 31,99;€ 40,91;€ 38,90;;;;;€ 40,90;€ 40,94;;;;;€ 45,94;;;;;;€ 39,99;;;;;;;;;;;;;;€ 41,94;
75079;;;€ 17,98;€ 16,45;€ 19,98;€ 19,90;€ 17,90;€ 17,90;;;€ 19,99;€ 18,45;;€ 17,29;€ 18,59;;;€ 20,94;€ 16,98;€ 20,10;€ 20,94;;€ 20,93;€ 19,99;€ 23,94;;€ 16,97;€ 17,74;;€ 18,45;;; € 21,73(£ 15,37);;;;;;
31026;€ 67,99;€ 64,99;€ 79,99;€ 65,95;€ 64,90;€ 84,90;€ 71,90;€ 69,90;;€ 66,95;€ 55,51;€ 72,90;€ 75,90;€ 80,65;€ 70,09;€ 79,89;€ 67,90;€ 79,99;€ 64,99;€ 78,10;;€ 71,99;€ 69,99;;;;€ 64,99;€ 59,98;;€ 78,90;;; € 77,06(£ 54,39);;;;€ 95,01;€ 79,94;
42023;;€ 64,99;;€ 55,95;€ 58,90;€ 64,41;€ 65,90;;;€ 60,45;€ 51,01;€ 65,90;€ 68,95;;€ 59,09;€ 69,89;€ 64,90;€ 69,99;€ 59,99;€ 63,10;€ 68,45;€ 62,99;;€ 69,99;;;€ 59,99;;;€ 68,85;;; € 65,13(£ 45,94);;;;;€ 69,94;
42025;;€ 109,99;€ 129,99;€ 104,95;€ 109,99;€ 129,95;€ 120,90;€ 114,95;;€ 106,90;;€ 118,95;;€ 158,39;€ 115,10;€ 129,89;€ 120,90;€ 129,99;€ 109,00;€ 128,06;€ 107,00;€ 116,99;;€ 129,99;€ 105,00;;€ 109,00;€ 99,99;;€ 125,55;;;;€ 125,00;;;€ 154,88;€ 116,94;
42029;€ 99,99;;€ 99,99;€ 78,45;;€ 104,90;€ 89,90;€ 89,90;;;€ 78,01;€ 92,90;€ 90,94;;€ 86,09;€ 99,89;€ 91,90;€ 99,99;€ 82,99;€ 88,10;€ 82,95;€ 89,99;;;€ 74,99;;€ 82,95;€ 84,99;;€ 120,90;€ 103,90;; € 91,06(£ 64,40);€ 89,95;€ 82,95;;;€ 91,94;
42032;;€ 17,98;€ 17,98;€ 17,20;;€ 19,90;€ 18,90;€ 17,90;;;€ 20,49;€ 18,90;€ 18,94;€ 21,59;;€ 20,88;;€ 20,94;€ 19,99;€ 21,05;;;;€ 19,99;;;;;;;;; € 23,10(£ 16,39);;;;;;
42035;;€ 26,98;€ 29,99;€ 26,95;€ 24,99;€ 29,21;€ 28,90;€ 27,90;;€ 29,20;;€ 28,90;€ 27,94;€ 35,99;€ 26,09;€ 34,88;€ 28,90;€ 32,94;€ 26,99;€ 33,09;;€ 27,28;;€ 26,99;€ 28,94;€ 33,98;€ 26,99;€ 21,74;;€ 29,85;;; € 38,10(£ 26,90);;€ 26,99;;;€ 32,94;
42043;€ 184,99;€ 199,99;€ 179,99;€ 165,95;;€ 179,96;€ 185,90;€ 174,95;;;;€ 184,95;€ 179,99;;€ 213,65;;€ 184,95;€ 199,99;€ 184,99;€ 199,61;€ 165,94;€ 179,99;;€ 199,99;;;€ 179,99;;;;;; € 220,02(£ 154,86);;;;;;
41101;€ 109,99;€ 129,99;€ 119,99;;;€ 111,96;€ 123,90;€ 114,95;;;€ 122,02;€ 119,95;€ 119,95;€ 143,99;€ 130,09;;€ 122,90;€ 139,99;€ 119,00;;€ 105,94;€ 125,99;€ 129,00;€ 109,99;€ 119,00;€ 143,98;€ 119,99;€ 109,98;;;;; € 112,27(£ 79,39);€ 125,00;€ 125,99;;;€ 121,94;€ 125,99
41103;€ 17,98;€ 16,98;€ 17,98;;€ 19,18;;€ 17,90;€ 16,90;;€ 18,70;;€ 18,90;€ 18,44;€ 18,75;€ 18,82;;€ 19,90;€ 20,94;;€ 20,10;;;€ 18,94;€ 19,99;€ 20,94;;;€ 16,74;€ 18,94;;;; € 22,75(£ 16,10);€ 17,98;;;;;
75089;;€ 18,98;€ 17,98;€ 16,45;€ 18,98;€ 19,90;€ 17,90;€ 17,90;;;;€ 17,90;;€ 17,29;;;;€ 20,94;€ 15,98;;;;€ 20,94;€ 19,99;;€ 18,98;€ 15,98;€ 18,74;;€ 18,40;;; € 23,16(£ 16,39);;;;;;€ 16,48
75918;;;;;;;;;;;;;;;;;;€ 89,99;;;;;;;;;;;;;;; € 90,72(£ 64,35);;;;;;
40086;;;;€ 17,95;;€ 17,90;;;;;;;;;;;;;;;;;;;;;€ 10,94;;;;;;;;;;;;
9488;;;;;;;€ 22,90;;;;;;;;;;;;;;;;;;;;;;;;;;;;;;;;
9491;;;;€ 24,95;;€ 32,90;€ 25,90;;;;;€ 30,90;;;;;;;;;;;;;;;;;;;;;;;;;;;
31015;;€ 11,98;€ 8,98;;€ 9,48;€ 10,90;€ 10,90;;€ 9,94;;;;€ 10,94;;;€ 11,88;€ 12,90;;;;;;;€ 10,99;;;€ 8,98;;;;;;;;;;;;
75030;;;;;;;;;;;;;€ 13,94;;;;;;;;;;;;;;;;;;;;;;;€ 21,95;;;
75034;;€ 18,98;;€ 17,45;€ 19,48;€ 19,90;;;;;€ 20,00;;€ 17,94;;;;;;;;;;;;;;;;;;;;;;;€ 25,95;€ 38,72;;
75078;;;€ 17,98;;;€ 19,90;;€ 17,90;;;€ 21,09;€ 18,90;;€ 17,29;€ 21,00;;;€ 20,94;€ 16,98;€ 20,10;€ 20,94;;€ 18,93;;;;€ 16,98;;;;;;;;;;;;€ 16,48
10240;;;;;;€ 279,95;;;;;;;;;;;;€ 229,99;;;;;;;;;€ 335,00;;;;;;;;;;;;
10244;;;;;;;;;;;;€ 124,95;;;€ 131,00;;€ 125,90;€ 129,99;;;;;;;;;€ 245,00;;;;;;;;;;;;
10242;;;€ 99,99;;;;;€ 99,90;;€ 99,45;€ 106,09;€ 95,90;;;;;;€ 99,99;;;;;;;;;;;;;;;;;;;;;
10247;;;;;;;;;;;;;;;;;;€ 189,99;;;;;;;;;;;;;;;;;;;;;
10248;;;;;;;;;;;;;;;;;;€ 89,99;;;;;;;;;;;;;;;;;;;;;
75105;;€ 159,99;€ 149,99;;;€ 143,96;€ 149,90;€ 142,95;;;€ 132,01;€ 149,95;€ 143,95;€ 187,19;€ 161,09;;€ 142,90;€ 159,99;€ 149,00;;€ 144,95;€ 143,99;€ 129,00;€ 159,99;;;€ 149,99;€ 129,98;;;;;;;€ 189,00;;;€ 151,94;
75111;;€ 31,98;€ 31,99;;;€ 34,90;€ 31,90;€ 29,90;;€ 32,90;€ 35,09;€ 30,45;;€ 35,99;;;;;€ 29,99;€ 37,10;€ 35,94;;€ 29,98;€ 24,99;€ 29,99;;€ 28,99;€ 31,74;;;;; € 34,25(£ 24,39);;€ 32,95;;;€ 33,94;
41062;;€ 42,99;€ 44,99;;;;;;;€ 45,95;;;€ 44,94;€ 50,39;;;;€ 50,94;;€ 48,10;€ 50,94;;;;;;€ 44,99;;;;;;;;;;;;
70404;;;;;;;;;;;;;;;;;;;;;;;;;;;;;;;;;;;;€ 189,95;;;
10558;€ 17,99;€ 21,98;€ 20,99;;€ 20,09;€ 25,90;€ 22,90;€ 21,90;;€ 22,95;€ 24,59;€ 22,90;€ 22,90;;;€ 25,88;;€ 25,94;€ 20,99;€ 28,09;€ 19,45;;€ 23,94;;€ 24,94;;€ 21,98;;;€ 23,15;;€ 21,79;;€ 22,98;€ 21,95;;;;
10596;;€ 36,98;;;€ 34,49;;;;;;€ 39,43;€ 45,90;;;€ 41,79;;;€ 50,94;€ 40,49;€ 46,10;;€ 43,48;€ 49,90;€ 44,99;€ 36,99;€ 48,98;€ 31,49;;;;;;;€ 36,09;;;;€ 47,94;€ 43,48
10603;€ 17,98;€ 16,98;;;€ 19,98;;€ 18,90;;;;€ 19,00;€ 18,90;€ 18,45;€ 18,75;€ 18,09;;;€ 20,94;;€ 20,09;;€ 16,48;;;€ 21,94;;;€ 18,74;;;;; € 20,33(£ 14,39);;;;;;
10623;€ 16,98;;€ 16,98;;;€ 19,91;;;;;;€ 19,90;;;;;;€ 25,94;;;;;;;;;€ 16,98;;;€ 28,25;;;;€ 17,98;;;;;
10589;;€ 16,98;€ 17,98;;€ 19,48;€ 19,90;€ 18,90;€ 17,90;;€ 18,45;€ 17,43;€ 18,90;€ 18,90;€ 20,15;€ 19,09;;;€ 20,94;;€ 18,84;;;€ 18,93;€ 19,99;;;€ 13,88;€ 16,74;;€ 19,35;;; € 20,28(£ 14,39);;;;;;
10686;€ 36,99;€ 36,98;€ 36,99;€ 32,45;€ 30,89;;€ 33,90;;;€ 34,95;€ 34,29;€ 35,90;€ 35,90;€ 35,99;€ 38,59;;€ 33,90;€ 40,94;€ 30,99;€ 40,09;€ 40,94;€ 34,48;;;€ 32,99;€ 40,98;;€ 31,74;€ 38,90;;;; € 41,52(£ 29,37);€ 28,86;€ 31,25;;;;
70411;;€ 21,98;€ 20,99;;;€ 24,90;€ 21,90;;;;€ 31,04;€ 22,90;€ 22,90;;€ 31,90;€ 24,88;;€ 25,94;€ 21,98;;€ 25,94;;;€ 24,99;;;€ 20,98;;;€ 33,05;;; € 31,64(£ 22,39);;;;;;
10586;€ 17,98;€ 16,98;;;€ 17,78;€ 19,90;€ 18,90;€ 16,90;;;€ 18,77;€ 19,90;€ 16,90;€ 20,15;€ 19,09;;;€ 20,94;€ 16,98;€ 19,10;;;€ 18,93;€ 19,99;;;€ 13,88;;;;;; € 20,32(£ 14,39);€ 17,98;;;;;€ 16,48
10687;;€ 36,98;;€ 32,45;€ 32,95;;€ 33,90;;;€ 35,95;€ 35,09;€ 35,90;€ 35,90;€ 43,19;€ 36,00;;;€ 40,94;;€ 39,10;;;;;;;€ 32,99;;;;;; € 48,61(£ 34,37);€ 35,99;€ 34,99;;;€ 39,94;
75099;€ 27,19;€ 31,98;€ 31,99;€ 28,45;;€ 31,91;€ 30,90;€ 31,90;;;€ 32,97;€ 31,90;€ 30,90;€ 28,79;€ 31,00;;€ 31,90;€ 35,94;€ 29,99;;€ 31,94;;€ 26,98;€ 27,99;€ 26,99;;€ 29,95;€ 23,74;;€ 33,85;;€ 29,44; € 29,93(£ 21,37);;€ 29,95;;;;
75100;€ 54,99;€ 46,74;€ 54,99;€ 48,45;;€ 59,90;€ 52,90;€ 51,90;;€ 51,95;€ 49,21;€ 54,90;€ 52,90;€ 57,59;€ 54,09;;€ 52,90;;€ 54,99;€ 54,44;€ 60,94;;€ 49,98;€ 49,99;€ 49,99;;€ 54,95;€ 39,99;;€ 53,85;;€ 50,69; € 53,91(£ 38,37);;€ 54,95;;;;
75101;€ 69,99;€ 63,74;€ 69,99;€ 64,95;;€ 72,41;€ 70,90;€ 72,90;;€ 69,90;€ 60,01;€ 75,90;€ 70,90;€ 86,39;€ 66,00;;€ 70,90;€ 74,99;€ 69,99;€ 78,10;€ 68,94;;€ 69,98;€ 74,99;;€ 78,98;€ 69,99;€ 57,99;;€ 74,40;;;;;€ 79,95;;;;€ 67,49
75103;€ 99,99;€ 84,99;€ 99,99;€ 84,95;;€ 104,90;€ 93,90;€ 91,90;;€ 91,90;€ 80,79;€ 100,90;€ 99,90;€ 115,19;€ 107,09;;€ 95,90;€ 99,99;€ 94,99;€ 94,10;€ 90,94;€ 89,99;;€ 89,99;€ 99,99;€ 103,98;€ 99,99;€ 85,99;;;;; € 102,47(£ 72,37);;€ 119,00;;;;
75104;€ 129,99;€ 110,49;€ 129,99;€ 104,95;;€ 129,95;€ 122,90;€ 114,95;;€ 106,45;€ 93,55;€ 124,95;€ 116,95;€ 143,99;€ 122,09;;€ 120,90;€ 129,99;€ 109,99;;€ 119,12;€ 116,99;€ 119,00;€ 119,99;€ 119,00;€ 133,98;€ 119,99;€ 94,99;;;;;;;€ 159,00;;;€ 121,94;
75913;€ 109,99;€ 99,99;€ 109,99;€ 89,95;;;€ 98,90;;;;€ 86,20;€ 104,95;€ 98,90;€ 113,75;€ 86,09;;;€ 109,99;;€ 103,10;;;€ 100,00;;;;;€ 94,99;;€ 134,90;;; € 103,74(£ 73,37);;;;;€ 101,94;
9525;;;;;;€ 74,94;€ 53,90;;;;;;;;;;;;;;;;;;;;;;;;;;;;;;;;
42040;€ 54,99;€ 49,99;€ 54,99;€ 48,45;€ 49,95;€ 54,41;€ 52,90;€ 51,90;;€ 50,45;;€ 52,90;€ 52,94;€ 64,79;€ 49,00;;€ 53,90;€ 60,94;€ 49,99;€ 54,10;€ 60,94;€ 52,48;;€ 49,99;;€ 58,98;;€ 37,99;;;;€ 50,69;;;€ 54,99;;;€ 54,94;
4644;;;;;;;€ 49,90;;;;;;;;;;;;;;;;;;;;;;;;;;;;;;;;
41077;€ 39,99;€ 41,98;€ 44,99;€ 40,95;€ 39,99;;€ 42,90;€ 42,90;;€ 41,90;€ 39,00;;€ 44,94;;€ 35,85;;€ 43,90;€ 50,94;€ 40,99;€ 45,09;€ 38,45;;;€ 39,99;;€ 48,98;€ 40,99;;;;;; € 50,75(£ 35,90);;€ 44,99;;;€ 45,94;
75041;;;;;;;€ 29,90;;;;;;€ 29,94;;;;;;;;;;;;;;;;;;;;;;;;;;
76016;;€ 49,99;;€ 195,95;€ 49,95;€ 49,91;€ 49,90;;;;€ 47,00;;€ 55,45;€ 63,35;;;€ 54,90;;;€ 58,10;;;€ 49,98;;;;;;;;;; € 57,10(£ 40,39);;;;;;
10602;€ 29,99;€ 31,98;€ 29,99;;€ 27,99;€ 34,90;;€ 28,90;;;€ 31,00;€ 31,90;€ 25,90;;€ 30,09;;;€ 35,94;€ 29,99;€ 36,09;;€ 29,98;;;€ 29,99;€ 33,98;€ 26,95;;;;;€ 29,44;;;€ 26,95;;;€ 33,94;€ 29,98
6785;;;;;;;;;;;;;;;€ 37,36;;;;;€ 35,09;;;;;;;;€ 29,99;;;;; € 34,46(£ 24,39);;;;;;
21119;;€ 21,98;;;;;;;;€ 25,95;;;;€ 28,79;€ 25,09;;;€ 25,94;;€ 26,09;;;;;€ 25,94;;;;;;;;;;;;;;
31021;€ 17,28;;;;;€ 22,90;€ 20,90;;;€ 21,45;;€ 20,90;€ 22,95;;;€ 22,88;€ 23,44;;€ 23,99;;;;€ 22,03;;;;;;;;;;;;;;;;
10246;;;;;;;;;;;;€ 158,95;;;;;€ 152,95;€ 159,99;;;;;;;;;;;;;;;;;;;;;
66493;;;€ 189,99;;;;;;;;;€ 195,95;;;;;;;;;;;;;;;;;;;;;;;;;;;
21121;;€ 69,99;;;€ 69,99;;;€ 64,90;;€ 65,45;€ 74,44;€ 72,90;;€ 83,55;€ 72,09;;;€ 69,99;;€ 77,60;€ 75,94;;;;€ 64,99;;€ 64,99;;;;;;;;;;;€ 69,94;
41109;€ 99,99;;€ 89,99;€ 89,95;;€ 104,90;€ 90,90;€ 94,90;;€ 100,45;;€ 95,90;;;;;€ 92,90;€ 99,99;;;;;;;;;;;;;;;;;;;;;
41108;€ 44,99;;€ 44,99;€ 44,95;;;;;;€ 49,45;;€ 53,90;;€ 50,39;;;;€ 50,94;;€ 49,09;;;;;;;;;;;;; € 47,73(£ 33,77);;;;;;
10522;;€ 11,98;;;€ 12,98;€ 14,90;;;;;;€ 14,90;;€ 15,85;€ 14,74;€ 14,88;;€ 15,94;;€ 17,05;;;;€ 14,99;;;;;;;;;;;;;;;
